{"name":"442d6628-9a8d-4b40-a475-34db18dd38ed","id":"/providers/Microsoft.Flow/flows/442d6628-9a8d-4b40-a475-34db18dd38ed","type":"Microsoft.Flow/flows","properties":{"apiId":"/providers/Microsoft.PowerApps/apis/shared_logicflows","displayName":"Travel Reimbursement  Notify level3 approver","definition":{"metadata":{"workflowEntityId":null,"processAdvisorMetadata":null,"flowChargedByPaygo":false,"flowclientsuspensionreason":"None","flowclientsuspensiontime":null,"flowclientsuspensionreasondetails":null,"creator":{"id":"990d2b6a-3ecc-4e2c-8067-cee23887ff0f","type":"User","tenantId":"422c3e4b-32d7-420c-80ea-4f45d0c4e0ca"},"provisioningMethod":"FromDefinition","failureAlertSubscription":true,"clientLastModifiedTime":"2025-03-13T07:35:52.2771038Z","connectionKeySavedTimeKey":"2025-03-13T07:35:52.2771038Z","creationSource":null,"modifiedSources":"Portal"},"$schema":"https://schema.management.azure.com/providers/Microsoft.Logic/schemas/2016-06-01/workflowdefinition.json#","contentVersion":"1.0.0.0","parameters":{"$authentication":{"defaultValue":{},"type":"SecureObject"},"$connections":{"defaultValue":{},"type":"Object"}},"triggers":{"When_an_item_is_created":{"recurrence":{"frequency":"Minute","interval":1},"splitOn":"@triggerOutputs()?['body/value']","type":"OpenApiConnection","inputs":{"parameters":{"dataset":"https://glavref1.sharepoint.com/sites/Glavref_Production","table":"692b701a-f89e-4d78-9c6c-0e2079b54901"},"host":{"apiId":"/providers/Microsoft.PowerApps/apis/shared_sharepointonline","connectionName":"shared_sharepointonline","operationId":"GetOnNewItems"},"authentication":"@parameters('$authentication')"}}},"actions":{"Get_items":{"runAfter":{},"type":"OpenApiConnection","inputs":{"parameters":{"dataset":"https://glavref1.sharepoint.com/sites/Glavref_Production","table":"625ab40b-c8f3-422b-b27d-f66ec52971a4","$filter":"ApprovalLevel eq 3"},"host":{"apiId":"/providers/Microsoft.PowerApps/apis/shared_sharepointonline","connectionName":"shared_sharepointonline","operationId":"GetItems"},"authentication":"@parameters('$authentication')"}},"For_each":{"foreach":"@outputs('Get_items')?['body/value']","actions":{"Send_an_email_(V2)":{"type":"OpenApiConnection","inputs":{"parameters":{"emailMessage/To":"@item()?['Email']","emailMessage/Subject":"Action Required: Travel reimbursement Approval Needed","emailMessage/Body":"<p class=\"editor-paragraph\">Hello @{item()?['{Name}']},</p><p class=\"editor-paragraph\">You have a new travel reimbursement request awaiting your approval from @{triggerBody()?['NameOfTraveler']}.<br> <a href=\"https://apps.powerapps.com/play/e/9fa5ab1b-fcb8-e443-bff1-0f26f945d904/a/42d154f2-d3db-4dfe-bd60-72a56819112d?tenantId=422c3e4b-32d7-420c-80ea-4f45d0c4e0ca&amp;sourcetime=1741850502564&amp;screen=TravelReimbursement\" class=\"editor-link\">Click here </a>to access the request in PowerApps.</p><br>","emailMessage/Importance":"Normal"},"host":{"apiId":"/providers/Microsoft.PowerApps/apis/shared_office365","connectionName":"shared_office365-1","operationId":"SendEmailV2"},"authentication":"@parameters('$authentication')"}}},"runAfter":{"Get_items":["Succeeded"]},"type":"Foreach"}},"outputs":{}},"connectionReferences":{"shared_sharepointonline":{"connectionName":"59ff2c96516243cfaaa2966cf2edc25a","source":"Embedded","id":"/providers/Microsoft.PowerApps/apis/shared_sharepointonline","tier":"NotSpecified","apiName":"sharepointonline","isProcessSimpleApiReferenceConversionAlreadyDone":false},"shared_office365-1":{"connectionName":"shared-office365-79343665-933a-4373-ad8f-856666df046c","source":"Embedded","id":"/providers/Microsoft.PowerApps/apis/shared_office365","tier":"NotSpecified","apiName":"office365","isProcessSimpleApiReferenceConversionAlreadyDone":false}},"flowFailureAlertSubscribed":false,"isManaged":false}}