{"name":"6ccad905-5a17-44e7-917f-c3f88a928b18","id":"/providers/Microsoft.Flow/flows/6ccad905-5a17-44e7-917f-c3f88a928b18","type":"Microsoft.Flow/flows","properties":{"apiId":"/providers/Microsoft.PowerApps/apis/shared_logicflows","displayName":"Travel Reimbursement form Pre-populated flow","definition":{"metadata":{"workflowEntityId":null,"processAdvisorMetadata":null,"flowChargedByPaygo":true,"flowclientsuspensionreason":"None","flowclientsuspensiontime":null,"flowclientsuspensionreasondetails":null,"creator":{"id":"990d2b6a-3ecc-4e2c-8067-cee23887ff0f","type":"User","tenantId":"422c3e4b-32d7-420c-80ea-4f45d0c4e0ca"},"provisioningMethod":"FromDefinition","failureAlertSubscription":true,"clientLastModifiedTime":"2025-02-25T06:53:28.8607565Z","connectionKeySavedTimeKey":"2025-05-28T04:39:01.9587309Z","creationSource":null,"modifiedSources":"Portal"},"$schema":"https://schema.management.azure.com/providers/Microsoft.Logic/schemas/2016-06-01/workflowdefinition.json#","contentVersion":"undefined","parameters":{"$authentication":{"defaultValue":{},"type":"SecureObject"},"$connections":{"defaultValue":{},"type":"Object"}},"triggers":{"manual":{"metadata":{},"type":"Request","kind":"Http","inputs":{"schema":{"type":"object","properties":{"PO Number":{"type":"string"}}},"triggerAuthenticationType":"All"}}},"actions":{"Get_items":{"runAfter":{},"type":"OpenApiConnection","inputs":{"parameters":{"dataset":"https://glavref1.sharepoint.com/sites/Glavref_Production","table":"8a7faf94-eee6-4d27-876e-1f21602960de","$filter":"PO_x0023_ eq '@{triggerBody()?['PO Number']}'"},"host":{"apiId":"/providers/Microsoft.PowerApps/apis/shared_sharepointonline","connectionName":"shared_sharepointonline","operationId":"GetItems"},"authentication":"@parameters('$authentication')"}},"Select":{"runAfter":{"Get_items_Reimbursement_request":["Succeeded"]},"type":"Select","inputs":{"from":"@outputs('Get_items')?['body/value']","select":{"Fund":"@item()?['Fund_x0023_']","TravelerName":"@item()?['field_5']","DepartureDate":"@item()?['field_8']","ReturnDate":"@item()?['field_9']","ProjectedCost":"@item()?['field_12']","PurposeOfTravel":"@item()?['field_10/Value']","Email":"@item()?['field_7']"}}},"Get_items_Reimbursement_request":{"runAfter":{"Get_items":["Succeeded"]},"type":"OpenApiConnection","inputs":{"parameters":{"dataset":"https://glavref1.sharepoint.com/sites/Glavref_Production","table":"692b701a-f89e-4d78-9c6c-0e2079b54901","$filter":"PO_x0023_ eq '@{triggerBody()?['PO Number']}'"},"host":{"apiId":"/providers/Microsoft.PowerApps/apis/shared_sharepointonline","connectionName":"shared_sharepointonline","operationId":"GetItems"},"authentication":"@parameters('$authentication')"}},"Condition":{"actions":{"Response-copy":{"type":"Response","kind":"Http","inputs":{"statusCode":200,"body":{"duplicate":true,"result":[]}}}},"runAfter":{"Select":["Succeeded"]},"else":{"actions":{"Response":{"type":"Response","kind":"Http","inputs":{"statusCode":200,"body":{"duplicate":false,"result":"@body('Select')"}}}}},"expression":{"and":[{"equals":["@not(empty(outputs('Get_items_Reimbursement_request')?['body/value']))",true]},{"greater":["@length(outputs('Get_items_Reimbursement_request')?['body/value'])",0]}]},"type":"If"}}},"connectionReferences":{"shared_sharepointonline":{"connectionName":"59ff2c96516243cfaaa2966cf2edc25a","source":"Embedded","id":"/providers/Microsoft.PowerApps/apis/shared_sharepointonline","tier":"NotSpecified","apiName":"sharepointonline","isProcessSimpleApiReferenceConversionAlreadyDone":false}},"flowFailureAlertSubscribed":false,"isManaged":false}}