{"name":"5573924b-9e3c-4642-aec8-2f9e34c5053a","id":"/providers/Microsoft.Flow/flows/5573924b-9e3c-4642-aec8-2f9e34c5053a","type":"Microsoft.Flow/flows","properties":{"apiId":"/providers/Microsoft.PowerApps/apis/shared_logicflows","displayName":"Travel Reimbursement Partial Approved Amount","definition":{"metadata":{"workflowEntityId":null,"processAdvisorMetadata":null,"flowChargedByPaygo":false,"flowclientsuspensionreason":"None","flowclientsuspensiontime":null,"flowclientsuspensionreasondetails":null,"creator":{"id":"990d2b6a-3ecc-4e2c-8067-cee23887ff0f","type":"User","tenantId":"422c3e4b-32d7-420c-80ea-4f45d0c4e0ca"},"provisioningMethod":"FromDefinition","failureAlertSubscription":true,"clientLastModifiedTime":"2025-03-11T11:34:35.4263247Z","connectionKeySavedTimeKey":"2025-03-11T11:34:35.4263247Z","creationSource":null,"modifiedSources":"Portal"},"$schema":"https://schema.management.azure.com/providers/Microsoft.Logic/schemas/2016-06-01/workflowdefinition.json#","contentVersion":"1.0.0.0","parameters":{"$authentication":{"defaultValue":{},"type":"SecureObject"},"$connections":{"defaultValue":{},"type":"Object"}},"triggers":{"When_an_item_is_created_or_modified":{"recurrence":{"interval":1,"frequency":"Minute"},"splitOn":"@triggerOutputs()?['body/value']","metadata":{"operationMetadataId":"a38a63d6-1584-470f-b927-be3732caa984"},"type":"OpenApiConnection","inputs":{"parameters":{"dataset":"https://glavref1.sharepoint.com/sites/Glavref_Production","table":"692b701a-f89e-4d78-9c6c-0e2079b54901"},"host":{"apiId":"/providers/Microsoft.PowerApps/apis/shared_sharepointonline","connectionName":"shared_sharepointonline","operationId":"GetOnUpdatedItems"},"authentication":"@parameters('$authentication')"}}},"actions":{"Details_variable":{"runAfter":{},"metadata":{"operationMetadataId":"1dc26356-35a6-4aec-b016-59f1e3ee77b4"},"type":"InitializeVariable","inputs":{"variables":[{"name":"Details","type":"array","value":"@json(coalesce(triggerBody()?['ExpenseDetails'], '{}'))\r\n"}]}},"Condition_1":{"actions":{"Parse_JSON":{"metadata":{"operationMetadataId":"b0edd2a3-c85d-46b2-bd84-4d2f277ae0fe"},"type":"ParseJson","inputs":{"content":"@variables('Details')","schema":{"type":"array","items":{"type":"object","properties":{"AmountApproved":{"type":"string"},"ID":{"type":"integer"},"PO":{"type":"string"},"ReimbursementVariance":{"type":"string"},"ApproverComments":{"type":"string"}},"required":["AmountApproved","ID","PO","ReimbursementVariance","ApproverComments"]}}}},"Apply_to_each":{"foreach":"@body('Parse_JSON')","actions":{"Update_item":{"metadata":{"operationMetadataId":"69e01c02-9ac0-4ad4-817a-dff453de22cc"},"type":"OpenApiConnection","inputs":{"parameters":{"dataset":"https://glavref1.sharepoint.com/sites/Glavref_Production","table":"135cb42e-e17a-4623-ba27-6e20bc843f6c","id":"@items('Apply_to_each')?['ID']","item/AmountApproved":"@items('Apply_to_each')?['AmountApproved']","item/ReimbursementVariance":"@item()['ReimbursementVariance']","item/ApproverComments":"@item()['ApproverComments']"},"host":{"apiId":"/providers/Microsoft.PowerApps/apis/shared_sharepointonline","connectionName":"shared_sharepointonline","operationId":"PatchItem"},"authentication":"@parameters('$authentication')"}}},"runAfter":{"Parse_JSON":["Succeeded"]},"metadata":{"operationMetadataId":"741c2563-45c8-4df2-85fd-7657c769df5d"},"type":"Foreach"}},"runAfter":{"Details_variable":["Succeeded"]},"else":{"actions":{}},"expression":{"and":[{"greater":["@length(variables('Details'))",0]}]},"metadata":{"operationMetadataId":"88ae4f37-931f-4c69-b597-6e198539a814"},"type":"If"}},"outputs":{}},"connectionReferences":{"shared_sharepointonline":{"connectionName":"59ff2c96516243cfaaa2966cf2edc25a","source":"Embedded","id":"/providers/Microsoft.PowerApps/apis/shared_sharepointonline","tier":"NotSpecified","apiName":"sharepointonline","isProcessSimpleApiReferenceConversionAlreadyDone":false}},"flowFailureAlertSubscribed":false,"isManaged":false}}