{"name":"9236e39d-a088-4c7a-b53f-6eb473c1a7b8","id":"/providers/Microsoft.Flow/flows/9236e39d-a088-4c7a-b53f-6eb473c1a7b8","type":"Microsoft.Flow/flows","properties":{"apiId":"/providers/Microsoft.PowerApps/apis/shared_logicflows","displayName":"Travel Fund Form Data to Share Point","definition":{"metadata":{"workflowEntityId":null,"processAdvisorMetadata":null,"flowChargedByPaygo":true,"flowclientsuspensionreason":"None","flowclientsuspensiontime":null,"flowclientsuspensionreasondetails":null,"creator":{"id":"990d2b6a-3ecc-4e2c-8067-cee23887ff0f","type":"User","tenantId":"422c3e4b-32d7-420c-80ea-4f45d0c4e0ca"},"provisioningMethod":"FromDefinition","failureAlertSubscription":true,"clientLastModifiedTime":"2025-06-10T07:20:33.1467234Z","connectionKeySavedTimeKey":"2025-06-10T07:20:33.1467234Z","creationSource":null,"modifiedSources":"Portal"},"$schema":"https://schema.management.azure.com/providers/Microsoft.Logic/schemas/2016-06-01/workflowdefinition.json#","contentVersion":"1.0.0.0","parameters":{"$authentication":{"defaultValue":{},"type":"SecureObject"},"$connections":{"defaultValue":{},"type":"Object"}},"triggers":{"manual":{"metadata":{},"type":"Request","kind":"Http","inputs":{"triggerAuthenticationType":"All"},"conditions":[]}},"actions":{"Parse_JSON":{"runAfter":{},"type":"ParseJson","inputs":{"content":"@triggerBody()","schema":{"type":"object","properties":{"NameOfTraveler":{"type":"string"},"email":{"type":"string"},"positionTitle":{"type":"string"},"departureDate":{"type":"string"},"returnDate":{"type":"string"},"projectedCost":{"type":"string"},"eventWebsite":{"type":"string"},"NameOfPrincipalInvestigator":{"type":"string"},"Fundnumber":{"type":"string"},"Date":{"type":"string"},"TravelPurpose":{"type":"string"},"EmployeeType":{"type":"string"},"Federal":{"type":"string"},"FileName":{"type":"string"},"FileContent":{"type":"string"},"PIapprovalDoc":{"type":"string"},"PIapprovalDocFileContent":{"type":"string"},"eventFlyerFileName":{"type":"string"},"eventFlyerFileContent":{"type":"string"},"nonOfficialFileName":{"type":"string"},"nonOfficialFileContent":{"type":"string"},"officialFileName":{"type":"string"},"officialFileContent":{"type":"string"},"Timestamp":{"type":"string"},"recaptchaResponse":{"type":"string"},"EmployeeTypeFileName":{"type":"string"}}}}},"HTTP":{"runAfter":{"Initialize_variable":["Succeeded"]},"type":"Http","inputs":{"uri":"https://www.google.com/recaptcha/api/siteverify","method":"POST","headers":{"Content-Type":"application/x-www-form-urlencoded"},"queries":{"secret":"6LdIsG8qAAAAALpTB8tR0Mls4wNmO9eYLMdlUe3-","@{variables('res')}":"@{body('Parse_JSON')?['recaptchaResponse']}"}},"runtimeConfiguration":{"contentTransfer":{"transferMode":"Chunked"}}},"Initialize_variable":{"runAfter":{"Parse_JSON":["Succeeded"]},"type":"InitializeVariable","inputs":{"variables":[{"name":"res","type":"string","value":"response"}]}},"Scope":{"actions":{"Condition":{"actions":{"Create_item":{"type":"OpenApiConnection","inputs":{"parameters":{"dataset":"https://glavref1.sharepoint.com/sites/Glavref_Production","table":"8a7faf94-eee6-4d27-876e-1f21602960de","item/field_5":"@body('Parse_JSON')?['NameOfTraveler']","item/field_6":"@body('Parse_JSON')?['positionTitle']","item/field_7":"@body('Parse_JSON')?['email']","item/field_8":"@body('Parse_JSON')?['departureDate']","item/field_9":"@body('Parse_JSON')?['returnDate']","item/field_19":"@body('Parse_JSON')?['Date']","item/field_12":"@body('Parse_JSON')?['projectedCost']","item/field_10/Value":"@body('Parse_JSON')?['TravelPurpose']","item/field_14":"@body('Parse_JSON')?['eventWebsite']","item/field_15":"@body('Parse_JSON')?['EmployeeType']","item/field_16/Value":"@body('Parse_JSON')?['Federal']","item/Fund_x0023_":"@body('Parse_JSON')?['Fundnumber']","item/field_18":"@body('Parse_JSON')?['NameOfPrincipalInvestigator']","item/FinalApprovalStatus/Value":"Pending","item/Level1ApprovalStatus/Value":"Pending","item/Level2ApprovalStatus/Value":"Pending","item/Level3ApprovalStatus/Value":"Pending","item/NeedsLevel1Review":false,"item/AllMaterialsReceived":false,"item/DocumentsLink":"@concat(body('Parse_JSON')?['NameOfTraveler'],'-',body('Parse_JSON')?['Date'])","item/EventFlyerLink":"@body('Parse_JSON')?['eventFlyerFileName']","item/SupportFileLink":"@body('Parse_JSON')?['FileName']","item/TypeOfEmployeeLink":"@body('Parse_JSON')?['EmployeeTypeFileName']","item/PIApprovalDocLink":"@body('Parse_JSON')?['PIapprovalDoc']"},"host":{"apiId":"/providers/Microsoft.PowerApps/apis/shared_sharepointonline","connectionName":"shared_sharepointonline","operationId":"PostItem"},"authentication":"@parameters('$authentication')"}},"Create_file":{"runAfter":{"Create_item":["Succeeded"]},"type":"OpenApiConnection","inputs":{"parameters":{"dataset":"https://glavref1.sharepoint.com/sites/Glavref_Production","folderPath":"@concat('/Anonymous Uploads','/',outputs('Create_item')?['body/field_5'],'-',body('Parse_JSON')?['Date'])","name":"@body('Parse_JSON')?['FileName']","body":"@base64ToBinary(body('Parse_JSON')?['FileContent'])"},"host":{"apiId":"/providers/Microsoft.PowerApps/apis/shared_sharepointonline","connectionName":"shared_sharepointonline","operationId":"CreateFile"},"authentication":"@parameters('$authentication')"},"runtimeConfiguration":{"contentTransfer":{"transferMode":"Chunked"}}},"Event_flyer_check":{"actions":{"EventFlyer_Upload":{"type":"OpenApiConnection","inputs":{"parameters":{"dataset":"https://glavref1.sharepoint.com/sites/Glavref_Production","folderPath":"@concat('/Anonymous Uploads','/',outputs('Create_item')?['body/field_5'],'-',body('Parse_JSON')?['Date'])","name":"@body('Parse_JSON')?['eventFlyerFileName']","body":"@base64ToBinary(body('Parse_JSON')?['eventFlyerFileContent'])"},"host":{"apiId":"/providers/Microsoft.PowerApps/apis/shared_sharepointonline","connectionName":"shared_sharepointonline","operationId":"CreateFile"},"authentication":"@parameters('$authentication')"},"runtimeConfiguration":{"contentTransfer":{"transferMode":"Chunked"}}}},"runAfter":{"Create_item":["Succeeded"]},"else":{"actions":{}},"expression":{"and":[{"equals":["@not(empty(body('Parse_JSON')?['eventFlyerFileName']))",true]},{"equals":["@not(empty(body('Parse_JSON')?['eventFlyerFileContent']))",true]}]},"type":"If"},"NonOfficial_Document_Check":{"actions":{"nonofficialdocument_upload_":{"type":"OpenApiConnection","inputs":{"parameters":{"dataset":"https://glavref1.sharepoint.com/sites/Glavref_Production","folderPath":"@concat('/Anonymous Uploads','/',outputs('Create_item')?['body/field_5'],'-',body('Parse_JSON')?['Date'])","name":"@body('Parse_JSON')?['nonOfficialFileName']","body":"@base64ToBinary(body('Parse_JSON')?['nonOfficialFileContent'])"},"host":{"apiId":"/providers/Microsoft.PowerApps/apis/shared_sharepointonline","connectionName":"shared_sharepointonline","operationId":"CreateFile"},"authentication":"@parameters('$authentication')"},"runtimeConfiguration":{"contentTransfer":{"transferMode":"Chunked"}}}},"runAfter":{"Create_item":["Succeeded"]},"else":{"actions":{}},"expression":{"and":[{"equals":["@not(empty(body('Parse_JSON')?['nonOfficialFileName']))",true]},{"equals":["@not(empty(body('Parse_JSON')?['nonOfficialFileContent']))",true]}]},"type":"If"},"OfficialDocument_Check":{"actions":{"official_document_upload":{"type":"OpenApiConnection","inputs":{"parameters":{"dataset":"https://glavref1.sharepoint.com/sites/Glavref_Production","folderPath":"@concat('/Anonymous Uploads','/',outputs('Create_item')?['body/field_5'],'-',body('Parse_JSON')?['Date'])","name":"@body('Parse_JSON')?['officialFileName']","body":"@base64ToBinary(body('Parse_JSON')?['officialFileContent'])"},"host":{"apiId":"/providers/Microsoft.PowerApps/apis/shared_sharepointonline","connectionName":"shared_sharepointonline","operationId":"CreateFile"},"authentication":"@parameters('$authentication')"},"runtimeConfiguration":{"contentTransfer":{"transferMode":"Chunked"}}}},"runAfter":{"Create_item":["Succeeded"]},"else":{"actions":{}},"expression":{"and":[{"equals":["@not(empty(body('Parse_JSON')?['officialFileName']))",true]},{"equals":["@not(empty(body('Parse_JSON')?['officialFileContent']))",true]}]},"type":"If"},"PIApprovalDOC":{"actions":{"PIApprovalDocUpload":{"type":"OpenApiConnection","inputs":{"parameters":{"dataset":"https://glavref1.sharepoint.com/sites/Glavref_Production","folderPath":"@concat('/Anonymous Uploads','/',outputs('Create_item')?['body/field_5'],'-',body('Parse_JSON')?['Date'])","name":"@body('Parse_JSON')?['PIapprovalDoc']","body":"@base64ToBinary(body('Parse_JSON')?['PIapprovalDocFileContent'])"},"host":{"apiId":"/providers/Microsoft.PowerApps/apis/shared_sharepointonline","connectionName":"shared_sharepointonline","operationId":"CreateFile"},"authentication":"@parameters('$authentication')"},"runtimeConfiguration":{"contentTransfer":{"transferMode":"Chunked"}}}},"runAfter":{"Create_item":["Succeeded"]},"else":{"actions":{}},"expression":{"and":[{"equals":["@not(empty(body('Parse_JSON')?['PIapprovalDoc']))",true]},{"equals":["@not(empty(body('Parse_JSON')?['PIapprovalDocFileContent']))",true]}]},"type":"If"}},"else":{"actions":{}},"expression":{"and":[{"equals":["@body('HTTP')?['success']",true]}]},"type":"If"},"Response":{"runAfter":{"Condition":["Succeeded","TimedOut","Failed"]},"type":"Response","kind":"Http","inputs":{"statusCode":"@if(variables('CaptchaStatus'),200,400)","body":{"status":"@variables('CaptchaStatus')","message":"@if(variables('CaptchaStatus'),'Success','Captcha failed')"}}}},"runAfter":{"Initialize_variable_2":["Succeeded"]},"type":"Scope"},"Initialize_variable_2":{"runAfter":{"HTTP":["Succeeded"]},"type":"InitializeVariable","inputs":{"variables":[{"name":"CaptchaStatus","type":"boolean","value":"@body('HTTP')?['success']"}]}}},"outputs":{}},"connectionReferences":{"shared_sharepointonline":{"connectionName":"59ff2c96516243cfaaa2966cf2edc25a","source":"Embedded","id":"/providers/Microsoft.PowerApps/apis/shared_sharepointonline","tier":"NotSpecified","apiName":"sharepointonline","isProcessSimpleApiReferenceConversionAlreadyDone":false}},"flowFailureAlertSubscribed":false,"isManaged":false}}