{"name":"73fe95bf-3c1d-4c40-a870-8f2f011618e1","id":"/providers/Microsoft.Flow/flows/73fe95bf-3c1d-4c40-a870-8f2f011618e1","type":"Microsoft.Flow/flows","properties":{"apiId":"/providers/Microsoft.PowerApps/apis/shared_logicflows","displayName":"Travel Reimbursement Form Data To Share Point","definition":{"metadata":{"workflowEntityId":null,"processAdvisorMetadata":null,"flowChargedByPaygo":true,"flowclientsuspensionreason":"None","flowclientsuspensiontime":null,"flowclientsuspensionreasondetails":null,"creator":{"id":"990d2b6a-3ecc-4e2c-8067-cee23887ff0f","type":"User","tenantId":"422c3e4b-32d7-420c-80ea-4f45d0c4e0ca"},"provisioningMethod":"FromDefinition","failureAlertSubscription":true,"clientLastModifiedTime":"2025-03-11T11:12:27.4281539Z","connectionKeySavedTimeKey":"2025-03-11T11:12:27.4281539Z","creationSource":null,"modifiedSources":"Portal"},"$schema":"https://schema.management.azure.com/providers/Microsoft.Logic/schemas/2016-06-01/workflowdefinition.json#","contentVersion":"undefined","parameters":{"$authentication":{"defaultValue":{},"type":"SecureObject"},"$connections":{"defaultValue":{},"type":"Object"}},"triggers":{"manual":{"metadata":{},"type":"Request","kind":"Http","inputs":{"triggerAuthenticationType":"All"}}},"actions":{"Parse_JSON_-_Main_data":{"runAfter":{},"type":"ParseJson","inputs":{"content":"@triggerBody()","schema":{"type":"object","properties":{"PO":{"type":"string"},"InAttendanceAt":{"type":"string"},"email":{"type":"string"},"GlaverefFund":{"type":"string"},"positionTitle":{"type":"string"},"departureDate":{"type":"string"},"returnDate":{"type":"string"},"projectedCost":{"type":"string"},"Nameoftraveler":{"type":"string"},"PaymentInstructions":{"type":"string"},"Nameofpi":{"type":"string"},"PhoneNumber":{"type":"string"},"Date":{"type":"string"},"Address":{"type":"string"},"PickedUpBy":{"type":"string"},"Total_Reimbursement_Request":{"type":"string"},"recaptchaResponse":{"type":"string"},"files":{"type":"array","items":{"type":"object","properties":{"fileName":{"type":"string"},"fileContent":{"type":"string"}},"required":["fileName","fileContent"]}}}}}},"Parse_JSON_1":{"runAfter":{"Parse_JSON_-_Main_data":["Succeeded"]},"type":"ParseJson","inputs":{"content":"@triggerBody()","schema":{"type":"object","properties":{"Expenses":{"type":"object","properties":{"Meals":{"type":"string"},"Hotel Accommodations":{"type":"string"},"Ground Transportation":{"type":"string"},"Airfare":{"type":"string"},"Mileage":{"type":"string"},"Parking":{"type":"string"},"Registration Fees":{"type":"string"},"Poster/Exhibit cost":{"type":"string"},"Telephone":{"type":"string"},"Other":{"type":"string"}}},"selectedExpense":{"type":"array","items":{"type":"string"}}}}}},"PoNumber":{"runAfter":{"Parse_JSON_1":["Succeeded"]},"type":"InitializeVariable","inputs":{"variables":[{"name":"VarPO","type":"string","value":"@body('Parse_JSON_-_Main_data')?['PO']"}]}},"Initialize_variable_":{"runAfter":{"isDuplicate_Var":["Succeeded"]},"type":"InitializeVariable","inputs":{"variables":[{"name":"res","type":"string","value":"response"}]}},"CaptchaStatus_variable":{"runAfter":{"HTTP":["Succeeded"]},"type":"InitializeVariable","inputs":{"variables":[{"name":"CaptchaStatus","type":"boolean","value":true}]}},"HTTP":{"runAfter":{"Initialize_variable_":["Succeeded"]},"type":"Http","inputs":{"uri":"https://www.google.com/recaptcha/api/siteverify","method":"POST","headers":{"Content-Type":"application/x-www-form-urlencoded"},"queries":{"secret":"6LdIsG8qAAAAALpTB8tR0Mls4wNmO9eYLMdlUe3-","@{variables('res')}":"@{body('Parse_JSON_-_Main_data')?['recaptchaResponse']}"}},"runtimeConfiguration":{"contentTransfer":{"transferMode":"Chunked"}}},"Scope":{"actions":{"Condition":{"actions":{"Create_item_-_main_data":{"type":"OpenApiConnection","inputs":{"parameters":{"dataset":"https://glavref1.sharepoint.com/sites/Glavref_Production","table":"692b701a-f89e-4d78-9c6c-0e2079b54901","item/NameOfTraveler":"@body('Parse_JSON_-_Main_data')?['Nameoftraveler']","item/Email":"@body('Parse_JSON_-_Main_data')?['email']","item/GLAVREFFund_x0023_":"@body('Parse_JSON_-_Main_data')?['GlaverefFund']","item/InAttendanceAt":"@body('Parse_JSON_-_Main_data')?['InAttendanceAt']","item/FromDate":"@body('Parse_JSON_-_Main_data')?['departureDate']","item/ToDate":"@body('Parse_JSON_-_Main_data')?['returnDate']","item/ProjectedCost":"@body('Parse_JSON_-_Main_data')?['projectedCost']","item/NameOfPI":"@body('Parse_JSON_-_Main_data')?['Nameofpi']","item/PhoneNumber":"@body('Parse_JSON_-_Main_data')?['PhoneNumber']","item/Address":"@body('Parse_JSON_-_Main_data')?['Address']","item/PickedUpBy":"@body('Parse_JSON_-_Main_data')?['PickedUpBy']","item/SubmittedDate":"@body('Parse_JSON_-_Main_data')?['Date']","item/PO_x0023_":"@body('Parse_JSON_-_Main_data')?['PO']","item/TotalReimbursementRequest":"@body('Parse_JSON_-_Main_data')?['Total_Reimbursement_Request']","item/PaymentInstructions":"@body('Parse_JSON_-_Main_data')?['PaymentInstructions']","item/DocumentsLink":"@concat(body('Parse_JSON_-_Main_data')?['Nameoftraveler'],'-',body('Parse_JSON_-_Main_data')?['Date'])","item/MainFileLink":"@body('Parse_JSON_-_Main_data')?['FileName']"},"host":{"apiId":"/providers/Microsoft.PowerApps/apis/shared_sharepointonline","connectionName":"shared_sharepointonline","operationId":"PostItem"},"authentication":"@parameters('$authentication')"}},"Apply_to_each":{"foreach":"@body('Parse_JSON_1')?['selectedExpense']","actions":{"Create_item":{"type":"OpenApiConnection","inputs":{"parameters":{"dataset":"https://glavref1.sharepoint.com/sites/Glavref_Production","table":"135cb42e-e17a-4623-ba27-6e20bc843f6c","item/PO":"@variables('VarPO')","item/ExpenseType":"@items('Apply_to_each')","item/Value":"@body('Parse_JSON_1')?['Expenses']?[items('Apply_to_each')]","item/AmountApproved":"@body('Parse_JSON_1')?['Expenses']?[items('Apply_to_each')]"},"host":{"apiId":"/providers/Microsoft.PowerApps/apis/shared_sharepointonline","connectionName":"shared_sharepointonline","operationId":"PostItem"},"authentication":"@parameters('$authentication')"}}},"runAfter":{"For_each-copy":["Succeeded"]},"type":"Foreach"},"For_each-copy":{"foreach":"@outputs('Parse_JSON_-_Main_data')?['body']?['files']","actions":{"Travel_Reimbursement_uploads_1":{"type":"OpenApiConnection","inputs":{"parameters":{"dataset":"https://glavref1.sharepoint.com/sites/Glavref_Production","folderPath":"@concat('/Travel Reimbursement Uploads','/',outputs('Create_item_-_main_data')?['body/NameOfTraveler'],'-',body('Parse_JSON_-_Main_data')?['Date'])","name":"@item()?['fileName']","body":"@base64ToBinary(item()?['fileContent'])"},"host":{"apiId":"/providers/Microsoft.PowerApps/apis/shared_sharepointonline","connectionName":"shared_sharepointonline","operationId":"CreateFile"},"authentication":"@parameters('$authentication')"},"runtimeConfiguration":{"contentTransfer":{"transferMode":"Chunked"}}}},"runAfter":{"Create_item_-_main_data":["Succeeded"]},"type":"Foreach"}},"else":{"actions":{}},"expression":{"and":[{"equals":["@variables('CaptchaStatus')",true]}]},"type":"If"},"Response":{"runAfter":{"Condition":["Succeeded","Failed","TimedOut"]},"type":"Response","kind":"Http","inputs":{"statusCode":"@if(variables('CaptchaStatus'),200,400)","body":{"status":"@variables('CaptchaStatus')","message":"@if(variables('CaptchaStatus'),'Success','Captcha failed')"}}}},"runAfter":{"CaptchaStatus_variable":["Succeeded"]},"type":"Scope"},"isDuplicate_Var":{"runAfter":{"PoNumber":["Succeeded"]},"type":"InitializeVariable","inputs":{"variables":[{"name":"isDuplicate","type":"boolean","value":false}]}}}},"connectionReferences":{"shared_sharepointonline":{"connectionName":"59ff2c96516243cfaaa2966cf2edc25a","source":"Embedded","id":"/providers/Microsoft.PowerApps/apis/shared_sharepointonline","tier":"NotSpecified","apiName":"sharepointonline","isProcessSimpleApiReferenceConversionAlreadyDone":false}},"flowFailureAlertSubscribed":false,"isManaged":false}}