{"name":"b417a3fb-0567-4935-8fdf-297e1571ba0c","id":"/providers/Microsoft.Flow/flows/b417a3fb-0567-4935-8fdf-297e1571ba0c","type":"Microsoft.Flow/flows","properties":{"apiId":"/providers/Microsoft.PowerApps/apis/shared_logicflows","displayName":"Travel Fund Notify Level3 Approver","definition":{"metadata":{"workflowEntityId":null,"processAdvisorMetadata":null,"flowChargedByPaygo":false,"flowclientsuspensionreason":"None","flowclientsuspensiontime":null,"flowclientsuspensionreasondetails":null,"creator":{"id":"990d2b6a-3ecc-4e2c-8067-cee23887ff0f","type":"User","tenantId":"422c3e4b-32d7-420c-80ea-4f45d0c4e0ca"},"provisioningMethod":"FromDefinition","failureAlertSubscription":true,"clientLastModifiedTime":"2025-03-13T07:32:17.7166022Z","connectionKeySavedTimeKey":"2025-03-13T07:32:17.7166022Z","creationSource":null,"modifiedSources":"Portal"},"$schema":"https://schema.management.azure.com/providers/Microsoft.Logic/schemas/2016-06-01/workflowdefinition.json#","contentVersion":"1.0.0.0","parameters":{"$authentication":{"defaultValue":{},"type":"SecureObject"},"$connections":{"defaultValue":{},"type":"Object"}},"triggers":{"When_an_item_or_a_file_is_modified":{"recurrence":{"frequency":"Minute","interval":1},"splitOn":"@triggerOutputs()?['body/value']","type":"OpenApiConnection","inputs":{"parameters":{"dataset":"https://glavref1.sharepoint.com/sites/Glavref_Production","table":"8a7faf94-eee6-4d27-876e-1f21602960de"},"host":{"apiId":"/providers/Microsoft.PowerApps/apis/shared_sharepointonline","connectionName":"shared_sharepointonline","operationId":"GetOnChangedItems"},"authentication":"@parameters('$authentication')"}}},"actions":{"Condition":{"actions":{"For_each_1":{"foreach":"@outputs('Get_items_level2')?['body/value']","actions":{"For_each":{"foreach":"@outputs('Get_items_level3')?['body/value']","actions":{"Send_an_email_(V2)":{"type":"OpenApiConnection","inputs":{"parameters":{"emailMessage/To":"@items('For_each')?['Email']","emailMessage/Subject":"Approval Notification: Travel Fund Request from @{triggerBody()?['field_5']}","emailMessage/Body":"<p class=\"editor-paragraph\">Hi @{item()?['{Name}']},<br>The travel fund request submitted by @{triggerBody()?['field_5']} has been approved by @{items('For_each_1')?['{Name}']}. It is now ready for your final review and approval.<br>GLAVREF Fund# : @{triggerBody()?['Fund_x0023_']}<br><a href=\"https://apps.powerapps.com/play/e/9fa5ab1b-fcb8-e443-bff1-0f26f945d904/a/42d154f2-d3db-4dfe-bd60-72a56819112d?tenantId=422c3e4b-32d7-420c-80ea-4f45d0c4e0ca&amp;sourcetime=1741850502564&amp;screen=TravelFund\" class=\"editor-link\">Click here </a>to access the request in PowerApps.</p><br>","emailMessage/Importance":"Normal"},"host":{"apiId":"/providers/Microsoft.PowerApps/apis/shared_office365","connectionName":"shared_office365-1","operationId":"SendEmailV2"},"authentication":"@parameters('$authentication')"}}},"type":"Foreach"}},"type":"Foreach"}},"runAfter":{"Get_items_level3":["Succeeded"]},"else":{"actions":{}},"expression":{"and":[{"equals":["@triggerBody()?['Level2ApprovalStatus']?['Value']","Approved"]},{"equals":["@triggerBody()?['Level3ApprovalStatus']?['Value']","Pending"]}]},"type":"If"},"Get_items_level2":{"runAfter":{},"type":"OpenApiConnection","inputs":{"parameters":{"dataset":"https://glavref1.sharepoint.com/sites/Glavref_Production","table":"625ab40b-c8f3-422b-b27d-f66ec52971a4","$filter":"ApprovalLevel eq 2"},"host":{"apiId":"/providers/Microsoft.PowerApps/apis/shared_sharepointonline","connectionName":"shared_sharepointonline","operationId":"GetItems"},"authentication":"@parameters('$authentication')"}},"Get_items_level3":{"runAfter":{"Get_items_level2":["Succeeded"]},"type":"OpenApiConnection","inputs":{"parameters":{"dataset":"https://glavref1.sharepoint.com/sites/Glavref_Production","table":"625ab40b-c8f3-422b-b27d-f66ec52971a4","$filter":"ApprovalLevel eq 3"},"host":{"apiId":"/providers/Microsoft.PowerApps/apis/shared_sharepointonline","connectionName":"shared_sharepointonline","operationId":"GetItems"},"authentication":"@parameters('$authentication')"}}},"outputs":{}},"connectionReferences":{"shared_sharepointonline":{"connectionName":"59ff2c96516243cfaaa2966cf2edc25a","source":"Embedded","id":"/providers/Microsoft.PowerApps/apis/shared_sharepointonline","tier":"NotSpecified","apiName":"sharepointonline","isProcessSimpleApiReferenceConversionAlreadyDone":false},"shared_office365-1":{"connectionName":"shared-office365-79343665-933a-4373-ad8f-856666df046c","source":"Embedded","id":"/providers/Microsoft.PowerApps/apis/shared_office365","tier":"NotSpecified","apiName":"office365","isProcessSimpleApiReferenceConversionAlreadyDone":false}},"flowFailureAlertSubscribed":false,"isManaged":false}}