{"name":"7cdc98f9-6397-4813-a92a-ca1def7a1a8c","id":"/providers/Microsoft.Flow/flows/7cdc98f9-6397-4813-a92a-ca1def7a1a8c","type":"Microsoft.Flow/flows","properties":{"apiId":"/providers/Microsoft.PowerApps/apis/shared_logicflows","displayName":"Travel fund final approval email","definition":{"metadata":{"workflowEntityId":null,"processAdvisorMetadata":null,"flowChargedByPaygo":false,"flowclientsuspensionreason":"None","flowclientsuspensiontime":null,"flowclientsuspensionreasondetails":null,"creator":{"id":"990d2b6a-3ecc-4e2c-8067-cee23887ff0f","type":"User","tenantId":"422c3e4b-32d7-420c-80ea-4f45d0c4e0ca"},"provisioningMethod":"FromDefinition","failureAlertSubscription":true,"clientLastModifiedTime":"2025-03-11T10:44:18.2949196Z","connectionKeySavedTimeKey":"2025-03-11T10:44:18.2949196Z","creationSource":null,"modifiedSources":"Portal"},"$schema":"https://schema.management.azure.com/providers/Microsoft.Logic/schemas/2016-06-01/workflowdefinition.json#","contentVersion":"1.0.0.0","parameters":{"$authentication":{"defaultValue":{},"type":"SecureObject"},"$connections":{"defaultValue":{},"type":"Object"}},"triggers":{"When_an_item_is_created_or_modified":{"recurrence":{"frequency":"Minute","interval":1},"splitOn":"@triggerOutputs()?['body/value']","type":"OpenApiConnection","inputs":{"parameters":{"dataset":"https://glavref1.sharepoint.com/sites/Glavref_Production","table":"8a7faf94-eee6-4d27-876e-1f21602960de"},"host":{"apiId":"/providers/Microsoft.PowerApps/apis/shared_sharepointonline","connectionName":"shared_sharepointonline","operationId":"GetOnUpdatedItems"},"authentication":"@parameters('$authentication')"}}},"actions":{"Get_files_(properties_only)":{"runAfter":{"Compose":["Succeeded"]},"type":"OpenApiConnection","inputs":{"parameters":{"dataset":"https://glavref1.sharepoint.com/sites/Glavref_Production","table":"0437ced0-148b-4499-83cc-e2ff39ee8376","$filter":"FileDirRef eq '@{outputs('Compose')}'\n"},"host":{"apiId":"/providers/Microsoft.PowerApps/apis/shared_sharepointonline","connectionName":"shared_sharepointonline","operationId":"GetFileItems"},"authentication":"@parameters('$authentication')"}},"Initialize_variable":{"runAfter":{},"type":"InitializeVariable","inputs":{"variables":[{"name":"name","type":"string","value":"@{triggerBody()?['field_5']}@{triggerBody()?['field_19']}"}]}},"Compose":{"runAfter":{"Initialize_variable":["Succeeded"]},"type":"Compose","inputs":"@concat('/sites/Glavref_Production/Anonymous Uploads/', triggerBody()?['field_5'], '-',triggerBody()?['field_19'])"},"Initialize_variable_1":{"runAfter":{"Get_files_(properties_only)":["Succeeded"]},"type":"InitializeVariable","inputs":{"variables":[{"name":"CollectedAttachments","type":"array"}]}},"Condition":{"actions":{"Apply_to_each":{"foreach":"@outputs('Get_files_(properties_only)')?['body/value']","actions":{"Get_file_content":{"type":"OpenApiConnection","inputs":{"parameters":{"dataset":"https://glavref1.sharepoint.com/sites/Glavref_Production","id":"@item()?['{Identifier}']","inferContentType":true},"host":{"apiId":"/providers/Microsoft.PowerApps/apis/shared_sharepointonline","connectionName":"shared_sharepointonline","operationId":"GetFileContent"},"authentication":"@parameters('$authentication')"}},"Append_to_array_variable":{"runAfter":{"Get_file_content":["Succeeded"]},"type":"AppendToArrayVariable","inputs":{"name":"CollectedAttachments","value":{"Name":"@item()?['{FilenameWithExtension}']","ContentBytes":"@body('Get_file_content')"}}}},"type":"Foreach"},"Send_an_email_(V2)":{"runAfter":{"Apply_to_each":["Succeeded"]},"type":"OpenApiConnection","inputs":{"parameters":{"emailMessage/To":"@triggerBody()?['field_7']","emailMessage/Subject":"Travel Fund Request Approved!","emailMessage/Body":"<p class=\"editor-paragraph\">Hi ,@{triggerBody()?['field_5']}<br>We are pleased to inform you that your travel fund request has been approved.<br><i><b><strong class=\"editor-text-bold editor-text-italic\">Approval Details :</strong></b></i><br>Submited date:@{triggerBody()?['field_19']}<br>PO Number:<a href=\"https://fundrequest.powerappsportals.com/reimbursement/?PO=@{triggerBody()?['PO_x0023_']}\" class=\"editor-link\"> @{triggerBody()?['PO_x0023_']}</a><br><i><em class=\"editor-text-italic\" style=\"font-family: &quot;Times New Roman&quot;;\">Please click On </em></i><i><b><strong class=\"editor-text-bold editor-text-italic\" style=\"font-family: &quot;Times New Roman&quot;;\">PO Number </strong></b></i><i><em class=\"editor-text-italic\" style=\"font-family: &quot;Times New Roman&quot;;\">to submit your travel reimbursement form.</em></i><br>Projected cost: $@{formatNumber(float(triggerBody()?['field_12']), '0.00')}</p>","emailMessage/Attachments":"@variables('CollectedAttachments')","emailMessage/Importance":"Normal"},"host":{"apiId":"/providers/Microsoft.PowerApps/apis/shared_office365","connectionName":"shared_office365-1","operationId":"SendEmailV2"},"authentication":"@parameters('$authentication')"}}},"runAfter":{"Initialize_variable_1":["Succeeded"]},"else":{"actions":{}},"expression":{"and":[{"equals":["@triggerBody()?['Level3ApprovalStatus/Value']","Approved"]},{"equals":["@triggerBody()?['FinalApprovalStatus/Value']","Approved"]}]},"type":"If"}},"outputs":{}},"connectionReferences":{"shared_sharepointonline":{"connectionName":"59ff2c96516243cfaaa2966cf2edc25a","source":"Embedded","id":"/providers/Microsoft.PowerApps/apis/shared_sharepointonline","tier":"NotSpecified","apiName":"sharepointonline","isProcessSimpleApiReferenceConversionAlreadyDone":false},"shared_office365-1":{"connectionName":"shared-office365-79343665-933a-4373-ad8f-856666df046c","source":"Embedded","id":"/providers/Microsoft.PowerApps/apis/shared_office365","tier":"NotSpecified","apiName":"office365","isProcessSimpleApiReferenceConversionAlreadyDone":false}},"flowFailureAlertSubscribed":false,"isManaged":false}}