{"name":"988e1059-ebaf-4b0f-a392-f5de4d9e8776","id":"/providers/Microsoft.Flow/flows/988e1059-ebaf-4b0f-a392-f5de4d9e8776","type":"Microsoft.Flow/flows","properties":{"apiId":"/providers/Microsoft.PowerApps/apis/shared_logicflows","displayName":"TravelReimbursement Final approval Email","definition":{"metadata":{"workflowEntityId":null,"processAdvisorMetadata":null,"flowChargedByPaygo":false,"flowclientsuspensionreason":"None","flowclientsuspensiontime":null,"flowclientsuspensionreasondetails":null,"creator":{"id":"990d2b6a-3ecc-4e2c-8067-cee23887ff0f","type":"User","tenantId":"422c3e4b-32d7-420c-80ea-4f45d0c4e0ca"},"provisioningMethod":"FromDefinition","failureAlertSubscription":true,"clientLastModifiedTime":"2025-03-11T13:47:56.5308673Z","connectionKeySavedTimeKey":"2025-03-11T13:47:56.5308673Z","creationSource":null,"modifiedSources":"Portal"},"$schema":"https://schema.management.azure.com/providers/Microsoft.Logic/schemas/2016-06-01/workflowdefinition.json#","contentVersion":"1.0.0.0","parameters":{"$authentication":{"defaultValue":{},"type":"SecureObject"},"$connections":{"defaultValue":{},"type":"Object"}},"triggers":{"When_an_item_is_created_or_modified":{"recurrence":{"interval":1,"frequency":"Minute"},"splitOn":"@triggerOutputs()?['body/value']","type":"OpenApiConnection","inputs":{"parameters":{"dataset":"https://glavref1.sharepoint.com/sites/Glavref_Production","table":"692b701a-f89e-4d78-9c6c-0e2079b54901"},"host":{"apiId":"/providers/Microsoft.PowerApps/apis/shared_sharepointonline","connectionName":"shared_sharepointonline","operationId":"GetOnUpdatedItems"},"authentication":"@parameters('$authentication')"},"conditions":[{"expression":"@not(equals(triggerOutputs()?['body/ExpenseDetails'], triggerOutputs()?['body/ExpenseDetails@previousValue']))"}]}},"actions":{"Get_items":{"runAfter":{"Delay":["Succeeded"]},"type":"OpenApiConnection","inputs":{"parameters":{"dataset":"https://glavref1.sharepoint.com/sites/Glavref_Production","table":"135cb42e-e17a-4623-ba27-6e20bc843f6c","$filter":"PO eq '@{triggerBody()?['PO_x0023_']}'"},"host":{"apiId":"/providers/Microsoft.PowerApps/apis/shared_sharepointonline","connectionName":"shared_sharepointonline","operationId":"GetItems"},"authentication":"@parameters('$authentication')"}},"Initialize_variable":{"runAfter":{"Get_items":["Succeeded"]},"type":"InitializeVariable","inputs":{"variables":[{"name":"name","type":"string","value":"@{triggerBody()?['NameOfTraveler']}@{triggerBody()?['SubmittedDate']}"}]}},"Compose":{"runAfter":{"Initialize_variable":["Succeeded"]},"type":"Compose","inputs":"@concat('/sites/Glavref_Production/Travel Reimbursement Uploads/', triggerBody()?['NameOfTraveler'], '-',triggerBody()?['SubmittedDate'])"},"Get_files_(properties_only)":{"runAfter":{"Compose":["Succeeded"]},"type":"OpenApiConnection","inputs":{"parameters":{"dataset":"https://glavref1.sharepoint.com/sites/Glavref_Production","table":"10aed06d-c959-40e2-917f-2691bd2c659e","$filter":"FileDirRef eq '@{outputs('Compose')}'"},"host":{"apiId":"/providers/Microsoft.PowerApps/apis/shared_sharepointonline","connectionName":"shared_sharepointonline","operationId":"GetFileItems"},"authentication":"@parameters('$authentication')"}},"AttachmentList":{"runAfter":{"Get_files_(properties_only)":["Succeeded"]},"type":"InitializeVariable","inputs":{"variables":[{"name":"AttachmentList","type":"array"}]}},"Condition":{"actions":{"Apply_to_each":{"foreach":"@outputs('Get_files_(properties_only)')?['body/value']","actions":{"Get_file_content":{"type":"OpenApiConnection","inputs":{"parameters":{"dataset":"https://glavref1.sharepoint.com/sites/Glavref_Production","id":"@item()?['{Identifier}']","inferContentType":true},"host":{"apiId":"/providers/Microsoft.PowerApps/apis/shared_sharepointonline","connectionName":"shared_sharepointonline","operationId":"GetFileContent"},"authentication":"@parameters('$authentication')"}},"Append_to_array_variable":{"runAfter":{"Get_file_content":["Succeeded"]},"type":"AppendToArrayVariable","inputs":{"name":"AttachmentList","value":{"Name":"@item()?['{FilenameWithExtension}']","ContentBytes":"@body('Get_file_content')"}}}},"type":"Foreach"},"Send_an_email_(V2)":{"runAfter":{"Apply_to_each":["Succeeded"]},"type":"OpenApiConnection","inputs":{"parameters":{"emailMessage/To":"@triggerBody()?['Email']","emailMessage/Subject":"Travel reimbursement Request Approved!","emailMessage/Body":"<style>\n        table {\n            border-collapse: collapse;\n            width: 75%;\n        }\n        th, td {\n            border: 1px solid #ddd;\n            padding: 8px;\n            text-align: center;\n        }\n        th {\n            background-color: #4CAF50;\n            color: white;\n        }\n        tr:hover {\n            background-color: #f1f1f1;\n        }\n        .total-amount {\n        margin-left: 50px; \n        text-align: center;\n        font-weight: bold;\n    }\n    </style>\n\n\n    <p>Hi @{triggerBody()?['NameOfTraveler']},\n<br>\nWe are pleased to inform you that your travel reimbursement request has been approved. \n<br>\nPO Number :  @{triggerBody()?['PO_x0023_']}\n<br>\nDate Of Travel : @{triggerBody()?['ToDate']} \n<br>\nSubmited date : @{triggerBody()?['SubmittedDate']} \n<br>\nPayment Instructions : @{triggerBody()?['PaymentInstructions']} \n<br>\nTable as we are attaching now with details of projected value and approved value.</p>\n@{body('Create_HTML_table')}\n<p class=\"total-amount\">Total Reimbursement Approved :@{triggerBody()?['ApprovedAmount']}</p>","emailMessage/Attachments":"@variables('AttachmentList')","emailMessage/Importance":"Normal"},"host":{"apiId":"/providers/Microsoft.PowerApps/apis/shared_office365","connectionName":"shared_office365-1","operationId":"SendEmailV2"},"authentication":"@parameters('$authentication')"}}},"runAfter":{"Create_HTML_table":["Succeeded"]},"else":{"actions":{}},"expression":{"and":[{"equals":["@triggerBody()?['FinalApprovalStatus/Value']","Approved"]},{"equals":["@triggerBody()?['LitoApprovalStatus/Value']","Approved"]},{"equals":["",""]}]},"type":"If"},"Create_HTML_table":{"runAfter":{"AttachmentList":["Succeeded"]},"type":"Table","inputs":{"from":"@outputs('Get_items')?['body/value']","format":"HTML","columns":[{"header":"Expense","value":"@item()?['ExpenseType']"},{"header":"Reimbursement Requested","value":"@item()?['Value']"},{"header":"Reimbursement Approved","value":"@item()?['AmountApproved']"},{"header":"ReimbursementVariance","value":"@item()?['ReimbursementVariance']"},{"header":"ApproverComments","value":"@item()?['ApproverComments']"}]}},"Delay":{"runAfter":{},"type":"Wait","inputs":{"interval":{"count":30,"unit":"Second"}}}},"outputs":{}},"connectionReferences":{"shared_sharepointonline":{"connectionName":"59ff2c96516243cfaaa2966cf2edc25a","source":"Embedded","id":"/providers/Microsoft.PowerApps/apis/shared_sharepointonline","tier":"NotSpecified","apiName":"sharepointonline","isProcessSimpleApiReferenceConversionAlreadyDone":false},"shared_office365-1":{"connectionName":"shared-office365-79343665-933a-4373-ad8f-856666df046c","source":"Embedded","id":"/providers/Microsoft.PowerApps/apis/shared_office365","tier":"NotSpecified","apiName":"office365","isProcessSimpleApiReferenceConversionAlreadyDone":false}},"flowFailureAlertSubscribed":false,"isManaged":false}}